dataset_size,configuration,compression_profile,ordering,serialize_mean_s,serialize_std_s,file_size_mean_mb,file_size_std_mb
5M,balanced-none,balanced,none,10.972476423999979,0.6171392561898793,87.9473991394043,0.0
5M,balanced-SPO,balanced,SPO,15.013487042666688,0.5320689084775434,103.91654586791992,0.0
5M,balanced-OSP,balanced,OSP,15.078194973333515,0.46901672830526586,103.86062240600586,0.0
5M,balanced-PSO,balanced,PSO,15.391985746333225,0.8399146932923259,103.91654586791992,0.0
5M,compact-none,compact,none,9.796923770333251,0.4454693134462,43.90110397338867,0.0
5M,compact-SPO,compact,SPO,13.628856270666498,0.6880509723606292,46.95405197143555,0.0
5M,compact-OSP,compact,OSP,14.920136898666746,2.0552023393134613,48.44380569458008,0.0
5M,compact-PSO,compact,PSO,15.523236052333383,2.97679910095157,46.95405197143555,0.0
